id,first_name,last_name,username,email
1,Kendrick,Ibert,kbert,kibert0@acquirethisname.com
2,Donica,MacRury,dacRu,dmacrury1@cloudflare.com
3,Darb,Alabone,dlabo,dalabone2@networkadvertising.org
4,Jerrylee,Westraw,jestr,jwestraw3@cocolog-nifty.com
5,Sherrie,Blogg,slogg,sblogg4@sina.com.cn
6,Wood,Roostan,woost,wroostan5@samsung.com
7,Catharine,Caldeiro,calde,ccaldeiro6@studiopress.com
8,Julian,Gealy,jealy,jgealy7@businessweek.com
9,Wylie,Sainteau,waint,wsainteau8@bloglovin.com
10,Jessie,Dealtry,jealt,jdealtry9@google.com
